,,Month,1,2,3,4,5,6,7,8,9,10,11,12,1,2,3,4,5,6,7,8,9,10,11,12,1,2,3,4,5,6,7,8,9,10,11,12,1,2,3,4,5,6,7,8,9,10,11,12,1,2,3,4,5,6,7,8,9,10,11,12,1,2,3,4,5,6,7,8,9,10,11,12,1,2,3,4,5,6,7,8,9,10,11,12,1,2,3,4,5,6,7,8,9,10,11,12,1,2,3,4,5,6,7,8,9,10,11,12,1,2,3,4,5,6,7,8,9,10,11,12,1,2,3,4,5,6,7,8,9,10
,,Year,2004,2004,2004,2004,2004,2004,2004,2004,2004,2004,2004,2004,2005,2005,2005,2005,2005,2005,2005,2005,2005,2005,2005,2005,2006,2006,2006,2006,2006,2006,2006,2006,2006,2006,2006,2006,2007,2007,2007,2007,2007,2007,2007,2007,2007,2007,2007,2007,2008,2008,2008,2008,2008,2008,2008,2008,2008,2008,2008,2008,2009,2009,2009,2009,2009,2009,2009,2009,2009,2009,2009,2009,2010,2010,2010,2010,2010,2010,2010,2010,2010,2010,2010,2010,2011,2011,2011,2011,2011,2011,2011,2011,2011,2011,2011,2011,2012,2012,2012,2012,2012,2012,2012,2012,2012,2012,2012,2012,2013,2013,2013,2013,2013,2013,2013,2013,2013,2013,2013,2013,2014,2014,2014,2014,2014,2014,2014,2014,2014,2014
Latitude,Longitude,Locality,,,,,,,,,,,,,,,,,,,,,,,,,,,,,,,,,,,,,,,,,,,,,,,,,,,,,,,,,,,,,,,,,,,,,,,,,,,,,,,,,,,,,,,,,,,,,,,,,,,,,,,,,,,,,,,,,,,,,,,,,,,,,,,,,,
-23.870556,-45.440644,Ilhabela-SP,0.080799997,0.092479996,0.08963,0.091600001,0.160640001,0.119429998,0.147919998,0.160720006,0.164399996,NaN,0.140269995,NaN,NaN,0.103069998,0.07305,0.106679998,0.122929998,0.142100006,0.128729999,0.139870003,NaN,0.115400001,0.175349995,0.097000003,0.069329999,0.1162,0.09505,0.128230006,0.185350001,0.148660004,0.161129996,0.154039994,0.132880002,NaN,NaN,0.152730003,NaN,0.153270006,0.073119998,0.102109998,0.145520002,0.147809997,0.155660003,0.202800006,0.155640006,0.259820014,0.182999998,0.071350001,NaN,NaN,0.137130007,0.170819998,0.149660006,0.215800002,0.117470004,0.145290002,0.119400002,0.119269997,NaN,0.196930006,NaN,NaN,0.137470007,0.14249,0.135470003,0.140479997,0.161799997,0.243530005,NaN,0.167199999,NaN,NaN,NaN,0.075099997,0.135350004,0.214599997,0.162829995,0.191780001,0.15027,0.193759993,0.219870001,NaN,0.086350001,0.094599999,0.088160001,0.085000001,0.170300007,0.122589998,0.145999998,0.185090005,0.127000004,0.162330002,0.157900006,0.171499997,NaN,NaN,0.115280002,0.243149996,0.258049995,0.163680002,0.188769996,0.2491,0.216879994,0.154229999,0.136989996,0.205400005,NaN,NaN,NaN,0.081759997,NaN,0.104800001,0.118529998,0.091360003,0.189060003,0.177990004,0.169489995,0.118450001,0.11028,NaN,0.09127,NaN,0.126310006,0.12624,0.174239993,0.213080004,0.132469997,0.176109999,NaN,0.156010002
-22.753889,-41.901111,Armacao dos Buzios-RJ,0.070270002,0.107610002,0.061330002,0.08055,0.082209997,0.136910006,0.166439995,0.108269997,0.158450007,NaN,0.130380005,0.102760002,0.110399999,0.063380003,0.091959998,0.124219999,0.102839999,0.187670007,0.083949998,0.093759999,0.280200005,0.131679997,0.144999996,0.152850002,0.115340002,0.117839999,0.0744,0.064939998,0.123879999,0.168809995,0.174669996,0.142780006,0.220180005,0.15117,0.152140006,0.254779994,NaN,0.097489998,0.128429994,0.116570003,0.103479996,0.12297,0.116760001,0.163570002,0.156849995,0.152649999,0.04487,0.094559997,0.089599997,0.136500001,0.094169997,0.081150003,0.102849998,0.102559999,0.153559998,0.171360001,0.160710007,0.088629998,0.10238,0.08743,0.188510001,0.130559996,0.062870003,0.080760002,0.129889995,0.115350001,0.169660002,0.148460001,0.324010015,0.050799999,0.099699996,0.108439997,0.100309998,0.10915,0.071819998,0.143590003,0.093719997,0.166069999,0.124810003,0.140829995,0.180840001,0.097840004,0.085639998,NaN,0.112609997,0.129130006,0.089400001,0.111340001,0.099979997,0.144360006,0.176190004,0.168170005,0.162,NaN,0.114399999,NaN,0.118670002,0.640839994,0.118170001,0.084870003,0.09877,0.119329996,0.11005,0.15704,0.175229996,0.15095,0.086759999,0.102810003,0.093570001,0.162880003,0.080839999,0.077260002,0.083180003,0.097939998,0.083269998,0.114710003,0.129079998,0.074859999,0.166490003,0.076200001,0.117859997,0.099950001,0.202079996,0.084629998,0.142770007,0.118589997,0.101259999,0.114720002,0.194900006,0.124990001
-22.967778,-42.006011,Arraial do Cabo-RJ,0.069750004,0.089019999,0.064889997,0.064000003,0.133849993,0.105439998,0.08715,0.087499999,0.125860006,0.250099987,0.1039,0.59078002,0.067910001,0.050530002,0.093309999,0.166360006,0.080090001,0.134629995,0.074890003,0.07361,0.125430003,0.066600002,0.08371,0.045869999,0.052530002,0.04769,0.090700001,0.067500003,0.081569999,0.113179997,0.10509,0.119460002,0.14395,0.100879997,0.051800001,0.04039,NaN,0.108439997,0.077469997,0.081830002,0.076920003,0.09736,0.102289997,0.108649999,0.121339999,0.062519997,0.048599999,0.758329988,0.070100002,NaN,0.080980003,0.091949999,0.105070002,0.097850002,0.106859997,0.235960007,0.117289998,0.094300002,0.0429,0.071050003,NaN,0.075800002,0.05517,0.239759997,0.105640002,0.100740001,0.118040003,0.068269998,0.101520002,0.117200002,0.106409997,NaN,0.102530003,0.088540003,0.077440001,0.136439994,0.096450001,0.155019999,0.117870003,0.115709998,0.195830002,0.092299998,0.06391,0.142199993,0.067390002,0.11107,0.236340001,0.094489999,0.093079999,0.122890003,0.111919999,0.107309997,0.168329999,NaN,0.064549997,0.114349999,0.109289996,0.197260007,0.07942,0.095569998,0.143529996,0.108419999,0.108829997,0.155059993,0.122029997,0.093869999,0.0867,0.06459,0.090630002,0.135260001,0.081110001,0.086450003,0.079520002,0.093010001,0.09646,0.096040003,0.097139999,0.078850001,0.082900003,0.04558,0.083860002,0.070110001,0.126739994,0.064149998,0.095370002,0.142159998,0.110229999,0.098590001,0.216839999,0.086479999
-17.966867,-39.197817,Abrolhos-BA,NaN,NaN,0.196999997,0.134299994,0.186159998,0.148440003,0.141749993,0.205229998,0.180879995,NaN,0.165199995,0.066,0.073129997,0.184,0.132180005,0.142570004,0.183300003,0.161559999,0.188569993,0.368110001,0.179690003,0.222870007,0.178670004,0.148010001,0.145579994,0.186550006,0.115549996,0.190310001,0.172220007,0.207310006,0.180820003,0.180500001,0.225360006,NaN,0.159710005,0.155169994,0.065449998,0.069729999,0.15309,0.146039993,0.199670002,0.216230005,0.160490006,0.182899997,NaN,0.206799999,0.190449998,NaN,0.072640002,0.180800006,0.190099999,0.188319996,0.190380007,0.181329995,0.222100005,0.191819996,0.189009994,0.213300005,NaN,0.258870006,0.067400001,0.09804,0.190119997,0.202659994,0.207489997,0.19946,0.191410005,0.215639994,0.13301,0.19032,0.173899993,0.105769999,0.184599996,0.240219995,0.126399994,0.178580001,0.206799999,0.211809993,0.201350003,0.221699998,0.187240005,NaN,0.199200004,0.073250003,0.07762,0.103840001,0.153799996,0.127580002,0.185430005,0.198369995,0.205709994,0.204510003,0.216460004,0.114629999,NaN,NaN,0.08704,0.06972,0.124920003,0.168290004,0.151720002,0.199249998,0.207870007,0.196339995,0.187749997,0.183620006,0.074600004,0.069300003,0.098729998,0.067560002,0.164790004,0.213100001,0.186930001,0.178059995,0.212679997,0.189970002,0.182239994,NaN,0.183039993,0.197050005,0.090449996,0.0704,0.071379997,0.195669994,0.206039995,0.201660007,NaN,0.215399995,0.199300006,0.239270002
-7.1129,-34.812975,Jo‹o Pessoa-PB,NaN,0.194959998,NaN,NaN,0.167809993,NaN,0.373879999,0.271149993,NaN,NaN,0.073710002,0.071599998,NaN,NaN,NaN,0.146369994,0.105789997,0.230299994,0.285730004,NaN,NaN,0.059999999,0.071950004,0.075999998,NaN,NaN,0.069799997,0.137930006,0.165959999,0.183660001,0.235709995,0.175940007,NaN,NaN,NaN,0.069600001,NaN,NaN,NaN,0.13436,0.173820004,0.249709994,0.18547,0.215130001,0.176300004,NaN,0.074759997,0.073600002,NaN,NaN,NaN,0.138219997,0.234579995,0.22665,NaN,0.20623,NaN,NaN,0.06927,NaN,NaN,NaN,NaN,0.163000003,0.209920004,0.235839993,0.266880006,0.242770001,NaN,NaN,0.07203,NaN,NaN,NaN,NaN,0.149100006,0.153180003,0.30862999,NaN,NaN,NaN,0.153720006,0.071000002,0.076399997,NaN,NaN,NaN,NaN,NaN,0.248300001,NaN,0.270790011,0.168520004,0.178800002,NaN,NaN,NaN,NaN,NaN,NaN,0.179210007,0.201969996,0.229460001,0.22236,NaN,NaN,0.0682,NaN,NaN,NaN,NaN,NaN,0.176870003,0.197170004,0.250499994,0.218889996,NaN,NaN,NaN,NaN,NaN,NaN,NaN,0.072250001,NaN,0.238199994,0.192599997,NaN,NaN,NaN
-3.866778,-33.802047,Atol das Rocas-RN,NaN,0.021229999,0.025599999,0.0232,0.02647,0.0261,0.0288,0.036029998,NaN,NaN,0.02555,0.02318,0.020850001,NaN,0.02571,0.029920001,NaN,0.02829,0.0339,0.02526,0.033330001,0.023499999,NaN,0.02208,0.021369999,0.02169,0.025520001,0.02451,0.02991,0.03049,0.02537,0.023429999,0.02715,0.02334,0.022910001,0.021600001,0.0208,0.0266,0.03207,NaN,0.033410002,0.023429999,0.02648,0.03025,0.02613,0.028000001,0.025830001,NaN,0.024630001,0.020579999,0.024800001,NaN,0.03198,NaN,0.02619,0.03111,0.020470001,NaN,0.02262,0.023910001,NaN,0.02324,NaN,0.02925,NaN,NaN,0.025909999,0.025970001,0.023399999,0.02784,0.02406,0.028100001,0.0196,0.02172,0.02098,0.02392,0.025459999,0.02798,0.02874,0.026699999,0.02641,0.02746,0.021600001,NaN,NaN,0.025560001,0.02403,0.0273,0.030160001,0.03311,0.028519999,0.020199999,0.02327,0.02758,0.024970001,0.025529999,0.02187,0.017999999,0.022940001,NaN,0.029209999,0.024660001,0.02946,0.027249999,0.02943,0.030470001,0.027969999,0.01928,0.024940001,0.01904,0.020579999,0.02273,0.026690001,0.02626,NaN,0.022329999,0.028349999,0.025739999,0.025350001,0.020400001,0.022299999,0.02448,0.02166,0.02351,0.02813,0.024970001,0.02513,0.0266,0.027829999,0.022700001
-3.598289,-38.406592,Fortaleza-CE,0.04501,0.0814,0.047479998,0.043749999,0.043579999,0.056150001,0.06261,0.060819998,0.054579999,0.05147,0.05548,0.048939999,0.061859999,0.053709999,0.04837,0.050549999,0.053229999,0.050919998,0.057270002,0.056820001,0.05094,0.059420001,0.062540002,0.04521,0.058660001,0.05813,0.045620002,0.057259999,0.049529999,0.057569999,0.04642,0.05706,0.063469999,0.05466,0.057840001,0.059920002,0.051709998,0.059360001,0.066629998,0.047040001,0.051630002,0.054400001,0.054570001,0.061280001,0.05297,0.052960001,0.051199999,0.057500001,0.0592,0.058820002,0.040630002,0.064929999,0.042459998,0.044259999,0.04851,0.04927,0.050609998,0.059459999,0.049570002,0.056839999,0.05751,0.064850003,0.055860002,0.062139999,0.086989999,0.058740001,0.051849999,0.051539999,0.055059999,0.046730001,0.058990002,0.0416,0.060290001,NaN,0.05139,0.054200001,0.052919999,0.046739999,0.057829998,0.056359999,0.051139999,0.046379998,0.053780001,0.052549999,0.060710002,0.056290001,0.04795,0.052390002,0.039069999,0.047820002,0.049120001,0.046289999,0.05139,0.04919,0.051729999,0.055059999,0.056310002,0.057599999,0.04944,0.043699998,0.050439999,0.047010001,0.05037,0.048420001,0.047940001,0.055879999,0.048909999,0.042599998,NaN,0.061129998,0.062990002,0.059920002,0.049789999,0.048629999,0.047359999,0.05153,0.051509999,0.05161,0.051890001,0.045310002,0.041379999,NaN,NaN,0.048900001,0.047959998,0.054529998,0.0546,0.056109998,0.041930001,0.051899999
-16.422383,-38.98655,Porto SeguroBA,0.090499997,0.101259999,0.124119997,0.158779994,0.154440001,0.160970002,0.162070006,0.173299998,0.142979994,0.173470005,0.166490003,0.162819996,0.079099998,0.121519998,0.079729997,0.089869998,0.143399999,0.212850004,0.180059999,0.191100001,0.168109998,0.166999996,NaN,0.110710002,0.071369998,0.080300003,0.104809999,0.134670004,0.164039999,0.163829997,0.190229997,0.169729993,0.201199993,0.167150006,0.192230001,0.088189997,0.076279998,0.080499999,0.095200002,0.099909998,0.168489993,0.172040001,0.153950006,0.191440001,0.210720003,0.198719993,0.086499996,0.123549998,0.14576,0.083410002,0.081610002,0.082560003,0.139829993,0.169609994,0.197050005,0.175950006,0.165480003,0.158470005,0.113569997,0.089830004,0.101999998,0.081299998,0.063040003,0.205129996,0.255560011,0.192880005,0.139430001,0.180549994,0.136930004,0.118770003,0.097960003,0.07925,0.077909999,0.096000001,0.143439993,0.160089999,0.167349994,0.192540005,0.210470006,0.178609997,0.184210002,0.168390006,0.131600007,0.081600003,0.080310002,0.079729997,0.172920004,0.118309997,0.137659997,0.155839995,0.177129999,0.168099999,0.178790003,0.18513,NaN,0.198310003,0.07869,0.074490003,0.079609998,0.07598,0.146899998,0.152429998,0.186020002,0.192340001,0.194690004,0.171810001,0.159999996,0.076130003,0.091859996,0.07079,0.078000002,0.086410001,0.126519993,0.179969996,0.182620004,0.184389994,0.195179999,0.18479,0.07982,0.146149993,0.097759999,0.084169999,0.071630001,0.111759998,0.164719999,0.173480004,0.184420004,0.189160004,0.156010002,0.166270003
-3.854206,-32.445267,Fernando de Noronha-PE,0.0261,NaN,NaN,0.03005,0.02795,0.026550001,0.029589999,0.0288,NaN,0.03142,0.031830002,0.028829999,0.02245,0.02115,0.028209999,0.03091,0.035,0.03066,0.036290001,0.02613,0.028349999,0.02479,0.020400001,NaN,0.02633,0.029370001,0.027930001,0.027319999,0.030780001,0.0381,0.03114,NaN,0.029920001,0.025520001,0.032099999,NaN,0.027799999,NaN,NaN,0.035640001,0.031429999,0.030619999,0.02623,NaN,0.03565,NaN,0.025800001,NaN,NaN,0.022980001,NaN,0.034880001,0.036320001,0.033,0.028510001,0.03627,NaN,0.033569999,NaN,0.018200001,0.02564,0.0218,0.034469999,0.032000002,0.037769999,0.035750002,0.02881,0.022700001,0.022530001,0.026110001,0.026520001,NaN,NaN,NaN,NaN,NaN,0.026969999,0.037269998,0.039530002,0.029379999,0.033100002,0.02503,0.027550001,0.0232,NaN,0.026799999,0.026550001,0.02922,0.036169998,0.034839999,0.02493,0.029060001,0.027319999,0.02407,0.032499999,0.02833,0.0228,0.0266,0.0307,0.035799999,0.035500001,0.02822,0.02919,NaN,NaN,0.031369999,0.031690001,0.022,0.023940001,0.032499999,0.025900001,0.03029,0.04053,0.028899999,0.0298,0.031029999,0.0295,NaN,0.03162,0.0219,0.02737,0.020959999,0.02843,0.0287,0.02523,0.029300001,0.02743,0.02915,0.02689,0.032430001
-20.483333,-29.3,Ilha da Trindade,NaN,0.022469999,0.023700001,0.0243,0.02352,0.02361,0.025450001,0.023800001,0.02196,0.023329999,0.0252,0.023259999,0.019579999,0.020300001,0.02423,0.025149999,0.0252,0.02492,0.02593,0.025660001,0.0241,0.020640001,0.02372,0.024329999,0.023600001,0.02258,0.020509999,0.025669999,0.022709999,0.02661,0.02619,0.02272,0.022369999,0.02207,0.020719999,0.02554,0.022840001,NaN,0.02079,0.023429999,0.026550001,0.024730001,0.025699999,0.024320001,0.02664,0.021190001,NaN,0.02221,0.024080001,0.021989999,0.023360001,0.02156,0.02664,0.02857,0.025869999,0.023539999,0.02476,0.023460001,0.02668,0.024970001,0.026240001,0.024529999,0.022390001,0.02076,0.025699999,0.02795,0.02595,0.02472,0.02244,0.021500001,0.02342,0.023630001,0.0244,0.026489999,0.024289999,0.025800001,0.025800001,0.027729999,0.0231,0.02526,0.02564,0.020780001,0.023530001,0.02557,0.024490001,0.02509,NaN,NaN,0.025319999,0.02733,0.023530001,0.02758,0.02595,0.023250001,0.02909,0.02194,0.02603,0.022120001,0.022569999,0.021600001,0.023019999,0.02562,0.026070001,0.025010001,0.022569999,0.022399999,0.023,0.023600001,NaN,0.02258,0.034460001,0.03951,0.02974,0.02452,0.02541,0.024320001,0.02056,0.022910001,0.025429999,0.023949999,0.02413,0.02208,0.024800001,0.0233,0.02282,0.023809999,0.02399,0.02403,0.02172,0.0272
-8.757908,-35.085923,Tamandare-PE,0.035799999,NaN,0.058079999,0.050209999,0.118069999,0.088210002,0.198159993,0.141910002,0.062569998,0.040910002,0.040630002,0.04623,0.05993,0.049449999,0.039069999,0.07773,0.108599998,0.133220002,0.143669993,0.112219997,0.070600003,0.036660001,0.04194,0.051739998,0.044709999,0.056419998,0.068510003,0.065499999,0.126540005,0.124789998,0.144160002,0.086049996,0.069200002,0.064309999,0.059080001,0.043710001,0.040429998,0.03097,0.064730003,0.05999,0.194859996,0.205829993,0.115850002,NaN,0.056790002,0.047290001,0.048780002,0.036339998,0.034940001,0.037840001,0.04786,0.093309999,0.170000002,0.172969997,0.157519996,0.108240001,0.04386,0.047019999,0.043359999,0.03382,0.055969998,0.057569999,0.053780001,0.045559999,0.163530007,0.280149996,0.10926,0.093570001,0.048519999,0.052209999,0.04848,0.048009999,NaN,NaN,0.06222,0.103869997,0.065169998,0.251749992,0.132090002,0.082690001,NaN,0.054839998,0.047040001,0.05491,0.043090001,0.043419998,0.067780003,0.056430001,0.150519997,0.058260001,NaN,0.182520002,0.072319999,0.050629999,0.071280003,0.049529999,0.046689998,0.045400001,0.047929998,0.053739998,0.071850002,0.076800004,0.081409998,0.054919999,0.052499998,0.052689999,0.05415,0.066990003,0.056790002,0.050590001,0.048980001,0.053939998,0.111440003,0.177809998,0.106729999,0.064159997,0.05855,0.04905,0.049109999,0.037900001,0.03963,0.04998,0.052420001,0.050900001,0.105740003,0.091980003,0.063929997,0.108819999,0.052590001,0.059579998
-20.666667,-40.366667,Guarapari-ES,0.120209999,0.113959998,0.087370001,0.144400001,0.097450003,0.103560001,0.136769995,0.150700003,0.132780001,0.132210001,0.119860001,0.073799998,0.111249998,0.087459996,0.09104,0.081469998,0.194570005,0.152789995,0.167030007,0.13459,0.120350003,0.123510003,0.157140002,0.067309998,0.086199999,0.075719997,0.081490003,0.098569997,0.124109998,0.224749997,0.185450003,0.187790006,0.176650003,0.096450001,0.221650004,0.103179999,NaN,0.087240003,0.082139999,0.085280001,0.145089999,0.138699993,0.131559998,0.186529994,0.227170005,0.12793,0.078720003,0.105800003,0.124590002,0.073100001,0.104730003,0.073830001,0.136270002,0.139540002,0.168099999,0.148179993,0.111500002,0.132880002,0.201120004,0.128010005,0.134780005,0.087760001,0.065260001,0.119790003,0.160500005,0.117200002,0.137970001,0.134670004,0.164030001,0.128900006,0.185299993,0.096349999,0.096349999,0.084559999,0.124540001,0.165519997,0.149580002,0.21582,0.156409994,0.155019999,0.158480003,0.076520003,0.147159994,0.115270004,0.150399998,0.073550001,0.176599994,0.129840001,0.110260002,0.158700004,0.147780001,0.163350001,0.144160002,0.121909998,0.109609999,0.174539998,0.133389995,0.089469999,0.106109999,0.08202,0.165769994,0.140389994,0.152410001,0.145119995,0.147060007,0.121799998,0.08292,0.092320003,0.062109999,0.090060003,0.069389999,0.099909998,0.105499998,0.10565,0.114129998,0.124650002,0.191919997,0.17216,0.115419999,0.15975,0.143820003,0.079219997,0.078249998,0.104199998,0.108410001,0.142759994,0.16516,0.194820002,0.176320001,0.161129996
-0.8703,-44.279033,Parcel do ML-MA,0.060630001,NaN,NaN,0.069250003,0.049699999,0.0528,0.049970001,0.060230002,0.0427,0.045049999,0.059599999,0.05576,NaN,NaN,NaN,NaN,0.053860001,0.058959998,0.03977,NaN,0.045899998,0.03954,0.050700001,NaN,0.055229999,0.071539998,0.059840001,NaN,0.071500003,0.05714,0.04854,0.047600001,0.061069999,0.058499999,0.06067,0.057750002,0.06639,NaN,NaN,0.077239998,0.060290001,0.046459999,0.051520001,0.040279999,0.058419999,NaN,0.053440001,0.0572,0.071610004,0.058600001,NaN,0.148609996,0.072999999,0.055429999,0.051139999,0.044410001,0.043869998,NaN,0.067960002,0.06236,0.05937,NaN,0.074029997,0.094860002,0.363750011,0.061179999,0.049430002,0.04679,NaN,0.063730001,0.055599999,0.057709999,0.07587,NaN,0.044780001,NaN,0.056370001,0.053300001,0.048930001,0.0524,0.066490002,NaN,0.050469998,NaN,NaN,0.064089999,NaN,0.07728,0.056000002,0.06202,0.05669,NaN,0.052200001,0.065860003,NaN,0.049899999,0.045400001,0.068039998,NaN,0.060079999,0.059980001,0.054439999,0.051180001,0.043710001,0.050999999,NaN,NaN,0.070519999,NaN,NaN,0.059530001,0.070600003,0.056869999,0.05424,0.050980002,0.04614,NaN,0.055070002,NaN,NaN,0.048420001,NaN,0.0583,0.093249999,0.057890002,0.048629999,0.046999998,0.049559999,0.063100003,0.052900001
-12.814167,-38.573611,Salvador-BA,0.087399997,0.316850007,NaN,0.177929997,0.204339996,0.242899999,0.173570007,0.163819999,0.1646,0.098360002,0.129759997,0.140279993,0.137869999,0.133739993,0.162670001,0.214269996,0.23759,0.335020006,0.700230002,0.266710013,1.123790026,0.130400002,0.136559993,0.117919996,0.148699999,0.119889997,0.142089993,0.158749998,0.501999974,NaN,0.182229996,0.211229995,0.173219994,0.14993,0.138999999,0.147980005,0.131119996,0.120130002,0.274599999,0.27658999,0.289649993,0.216769993,0.218260005,0.182600006,0.151789993,0.144909993,0.102250002,0.12714,0.145600006,0.123460002,0.187230006,0.161500007,0.171309993,0.187040001,0.195140004,0.19619,NaN,NaN,0.127959996,NaN,0.122409999,0.124130003,0.131549999,NaN,NaN,0.506669998,0.188999996,0.167950004,0.135440007,0.152370006,0.138080001,0.131420001,0.110200003,0.148300007,0.164120004,0.126650006,0.291049987,0.151999995,NaN,0.506060004,NaN,0.122950003,0.090010002,0.103600003,0.118050002,0.137740001,0.11846,0.156540006,0.217830002,0.240170002,0.183290005,0.130019993,0.136160001,0.150529996,0.113389999,0.095380001,NaN,0.139420003,0.122259997,0.150189996,0.180869997,0.167319998,0.162440002,0.174720004,0.150999993,0.09093,NaN,0.088869996,0.098289996,0.144449994,0.147300005,0.128319994,0.141420007,0.140560001,0.176809996,0.138029993,0.158270001,0.102499999,NaN,0.081950001,0.120250002,0.159400001,0.102930002,0.143580005,0.14689,0.184190005,0.13854,NaN,0.145950004,NaN
-23.146944,-44.321667,Ilha GrandeRJ,0.057999998,0.068630002,0.066140004,0.062180001,0.082050003,0.077469997,0.086159997,0.091820002,0.098860003,0.0766,0.0517,NaN,0.095799997,0.09939,NaN,0.061650001,0.066869996,0.069580004,0.082290001,0.060789999,NaN,0.078259997,0.065700002,0.082850002,0.082730003,0.06673,0.06769,0.081249997,0.103179999,0.084569998,0.085450001,0.069870003,0.090850003,0.123269998,0.097949997,0.081629999,0.109300002,0.060199998,0.054680001,0.064690001,0.09302,0.07519,0.09369,0.135130003,0.07863,0.12269,NaN,0.109499998,0.055100001,0.140440002,0.061439998,0.08546,0.069080003,0.100309998,0.084409997,0.062070001,0.083920002,NaN,0.088,0.095799997,NaN,0.101559997,NaN,0.083690003,0.073019996,0.088500001,0.092880003,0.088030003,0.069200002,0.074979998,0.0933,0.0594,0.052999999,0.078039996,0.093680002,0.09747,0.073789999,0.112609997,0.091300003,0.097000003,0.077739999,0.059640002,0.065140001,NaN,0.086340003,0.07085,0.142639995,0.085770003,0.080399998,0.103359997,0.082290001,0.115060002,0.13222,0.110349998,0.111110002,0.145119995,0.133399993,0.183359995,0.114660002,0.076789998,0.10509,0.094230004,0.090400003,0.102009997,0.094760001,0.098410003,NaN,0.1017,NaN,0.095469996,0.080200002,0.083149999,0.078500003,0.063529998,0.093560003,0.089089997,0.09003,0.096160002,0.213100001,0.335599989,0.55618,0.505800009,0.107799999,0.11225,0.107220002,0.085189998,0.08546,0.106859997,0.155640006,0.098180003
,,,,,,,,,,,,,,,,,,,,,,,,,,,,,,,,,,,,,,,,,,,,,,,,,,,,,,,,,,,,,,,,,,,,,,,,,,,,,,,,,,,,,,,,,,,,,,,,,,,,,,,,,,,,,,,,,,,,,,,,,,,,,,,,,,,,
,,,,,,,,,,,,,,,,,,,,,,,,,,,,,,,,,,,,,,,,,,,,,,,,,,,,,,,,,,,,,,,,,,,,,,,,,,,,,,,,,,,,,,,,,,,,,,,,,,,,,,,,,,,,,,,,,,,,,,,,,,,,,,,,,,,,
Latitude,Longitude,Locality,10-year average,,,,,,,,,,,,,,,,,,,,,,,,,,,,,,,,,,,,,,,,,,,,,,,,,,,,,,,,,,,,,,,,,,,,,,,,,,,,,,,,,,,,,,,,,,,,,,,,,,,,,,,,,,,,,,,,,,,,,,,,,,,,,,,,,
-23.870556,-45.440644,Ilhabela-SP,0.145916731,,,,,,,,,,,,,,,,,,,,,,,,,,,,,,,,,,,,,,,,,,,,,,,,,,,,,,,,,,,,,,,,,,,,,,,,,,,,,,,,,,,,,,,,,,,,,,,,,,,,,,,,,,,,,,,,,,,,,,,,,,,,,,,,,
-22.753889,-41.901111,Armacao dos Buzios-RJ,0.1275188,,,,,,,,,,,,,,,,,,,,,,,,,,,,,,,,,,,,,,,,,,,,,,,,,,,,,,,,,,,,,,,,,,,,,,,,,,,,,,,,,,,,,,,,,,,,,,,,,,,,,,,,,,,,,,,,,,,,,,,,,,,,,,,,,
-22.967778,-42.006011,Arraial do Cabo-RJ,0.11115632,,,,,,,,,,,,,,,,,,,,,,,,,,,,,,,,,,,,,,,,,,,,,,,,,,,,,,,,,,,,,,,,,,,,,,,,,,,,,,,,,,,,,,,,,,,,,,,,,,,,,,,,,,,,,,,,,,,,,,,,,,,,,,,,,
-17.966867,-39.197817,Abrolhos-BA,0.16826,,,,,,,,,,,,,,,,,,,,,,,,,,,,,,,,,,,,,,,,,,,,,,,,,,,,,,,,,,,,,,,,,,,,,,,,,,,,,,,,,,,,,,,,,,,,,,,,,,,,,,,,,,,,,,,,,,,,,,,,,,,,,,,,,
-7.1129,-34.812975,Jo‹o Pessoa-PB,0.172828033,,,,,,,,,,,,,,,,,,,,,,,,,,,,,,,,,,,,,,,,,,,,,,,,,,,,,,,,,,,,,,,,,,,,,,,,,,,,,,,,,,,,,,,,,,,,,,,,,,,,,,,,,,,,,,,,,,,,,,,,,,,,,,,,,
-3.866778,-33.802047,Atol das Rocas-RN,0.025535225,,,,,,,,,,,,,,,,,,,,,,,,,,,,,,,,,,,,,,,,,,,,,,,,,,,,,,,,,,,,,,,,,,,,,,,,,,,,,,,,,,,,,,,,,,,,,,,,,,,,,,,,,,,,,,,,,,,,,,,,,,,,,,,,,
-3.598289,-38.406592,Fortaleza-CE,0.053286587,,,,,,,,,,,,,,,,,,,,,,,,,,,,,,,,,,,,,,,,,,,,,,,,,,,,,,,,,,,,,,,,,,,,,,,,,,,,,,,,,,,,,,,,,,,,,,,,,,,,,,,,,,,,,,,,,,,,,,,,,,,,,,,,,
-16.422383,-38.98655,Porto SeguroBA,0.14058625,,,,,,,,,,,,,,,,,,,,,,,,,,,,,,,,,,,,,,,,,,,,,,,,,,,,,,,,,,,,,,,,,,,,,,,,,,,,,,,,,,,,,,,,,,,,,,,,,,,,,,,,,,,,,,,,,,,,,,,,,,,,,,,,,
-3.854206,-32.445267,Fernando de Noronha-PE,0.029174151,,,,,,,,,,,,,,,,,,,,,,,,,,,,,,,,,,,,,,,,,,,,,,,,,,,,,,,,,,,,,,,,,,,,,,,,,,,,,,,,,,,,,,,,,,,,,,,,,,,,,,,,,,,,,,,,,,,,,,,,,,,,,,,,,
-20.483333,-29.3,Ilha da Trindade,0.024319355,,,,,,,,,,,,,,,,,,,,,,,,,,,,,,,,,,,,,,,,,,,,,,,,,,,,,,,,,,,,,,,,,,,,,,,,,,,,,,,,,,,,,,,,,,,,,,,,,,,,,,,,,,,,,,,,,,,,,,,,,,,,,,,,,
-8.757908,-35.085923,Tamandare-PE,0.077853629,,,,,,,,,,,,,,,,,,,,,,,,,,,,,,,,,,,,,,,,,,,,,,,,,,,,,,,,,,,,,,,,,,,,,,,,,,,,,,,,,,,,,,,,,,,,,,,,,,,,,,,,,,,,,,,,,,,,,,,,,,,,,,,,,
-20.666667,-40.366667,Guarapari-ES,0.12839969,,,,,,,,,,,,,,,,,,,,,,,,,,,,,,,,,,,,,,,,,,,,,,,,,,,,,,,,,,,,,,,,,,,,,,,,,,,,,,,,,,,,,,,,,,,,,,,,,,,,,,,,,,,,,,,,,,,,,,,,,,,,,,,,,
-0.8703,-44.279033,Parcel do ML-MA,0.061319176,,,,,,,,,,,,,,,,,,,,,,,,,,,,,,,,,,,,,,,,,,,,,,,,,,,,,,,,,,,,,,,,,,,,,,,,,,,,,,,,,,,,,,,,,,,,,,,,,,,,,,,,,,,,,,,,,,,,,,,,,,,,,,,,,
-12.814167,-38.573611,Salvador-BA,0.1796725,,,,,,,,,,,,,,,,,,,,,,,,,,,,,,,,,,,,,,,,,,,,,,,,,,,,,,,,,,,,,,,,,,,,,,,,,,,,,,,,,,,,,,,,,,,,,,,,,,,,,,,,,,,,,,,,,,,,,,,,,,,,,,,,,
-23.146944,-44.321667,Ilha GrandeRJ,0.09969975,,,,,,,,,,,,,,,,,,,,,,,,,,,,,,,,,,,,,,,,,,,,,,,,,,,,,,,,,,,,,,,,,,,,,,,,,,,,,,,,,,,,,,,,,,,,,,,,,,,,,,,,,,,,,,,,,,,,,,,,,,,,,,,,,